"",Error Count,Percent of Error Count
Veteran Status 3 07,1,0.007692307692307693
Project Start Date 3 10,1,0.006289308176100629
Relationship to Head of Household 3 15,3,0.018867924528301886
Client Location 3 16,0,0
Disabling Condition 3 08,1,0.006289308176100629
