"",Client Doesn't Know/Refused,Information Missing,Data Issues,Total,ErrorRate
Name,0,2,0,2,0.016260162601626018
SSN,7,1,0,8,0.06504065040650407
DOB,0,0,0,0,0
Race,1,0,0,1,0.008130081300813009
Ethnicity,0,0,0,0,0
Gender,0,0,0,0,0
Overall Score,0,0,0,11,0.08943089430894309
